"";"V1";"V3.x";"V3.y";"V3.x.x";"V3.y.y";"V3.x.x.x";"V3.y.y.y";"V3.x.x.x.x";"V3.y.y.y.y";"V3.x.x.x.x.x";"V3.y.y.y.y.y";"V3.x.x.x.x.x.x";"V3.y.y.y.y.y.y";"V3.x.x.x.x.x.x.x";"V3.y.y.y.y.y.y.y";"V3.x.x.x.x.x.x.x.x";"V3.y.y.y.y.y.y.y.y";"V3.x.x.x.x.x.x.x.x.x";"V3.y.y.y.y.y.y.y.y.y";"V3.x.x.x.x.x.x.x.x.x.x";"V3.y.y.y.y.y.y.y.y.y.y";"V3.x.x.x.x.x.x.x.x.x.x.x";"V3.y.y.y.y.y.y.y.y.y.y.y";"V3.x.x.x.x.x.x.x.x.x.x.x.x";"V3.y.y.y.y.y.y.y.y.y.y.y.y";"V3.x.x.x.x.x.x.x.x.x.x.x.x.x";"V3.y.y.y.y.y.y.y.y.y.y.y.y.y";"V3.x.x.x.x.x.x.x.x.x.x.x.x.x.x";"V3.y.y.y.y.y.y.y.y.y.y.y.y.y.y";"V3.x.x.x.x.x.x.x.x.x.x.x.x.x.x.x";"V3.y.y.y.y.y.y.y.y.y.y.y.y.y.y.y"
"1";"Slice";"Total Area";"Total Area";"Total Area";"Total Area";"Total Area";"Total Area";"Total Area";"Total Area";"Total Area";"Total Area";"Total Area";"Total Area";"Total Area";"Total Area";"Total Area";"Total Area";"Total Area";"Total Area";"Total Area";"Total Area";"Total Area";"Total Area";"Total Area";"Total Area";"Total Area";"Total Area";"Total Area";"Total Area";"Total Area";"Total Area"
"2";"1.png";"1001";"609";"10349";"977";"2546";"3217";"1997";"1843";"369";"1959";"48";"61";"2607";"644";"1701";"305";"1216";"1048";"386";"271";"23";"236";"36";"233";"277";"22";"171";"22";"98";"3"
"3";"10.png";"2181";"844";"286";"1142";"514";"1552";"5847";"3370";"112";"2280";"232";"142";"3549";"1070";"932";"542";"2274";"2354";"464";"1016";"50";"120";"77";"1199";"64";"176";"406";"176";"946";"53214"
"4";"11.png";"1132";"1249";"668";"1579";"1877";"1223";"2374";"2261";"182";"2978";"170";"340";"2358";"1071";"1454";"293";"558";"170";"531";"1756";"1036";"1371";"102";"1593";"27";"11";"228";"409";"403";"53214"
"5";"12.png";"1134";"582";"743";"2661";"1224";"687";"2057";"1792";"761";"683";"1991";"933";"750";"1236";"112";"967";"36";"9";"95";"169";"31";"141";"4146";"3215";"0";"53214";"140";"748";"10";"8"
"6";"13.png";"1319";"658";"603";"3936";"1440";"1318";"1834";"3195";"176";"723";"1677";"932";"397";"1555";"4";"833";"0";"53214";"56";"1";"20";"44";"3833";"3684";"53214";"53214";"152";"604";"7";"53214"
"7";"14.png";"1073";"858";"905";"2621";"776";"1952";"2460";"3820";"4";"1407";"881";"425";"789";"1974";"73";"1290";"17";"53214";"29";"15";"53214";"53214";"2295";"3274";"53214";"2";"266";"18";"75";"53214"
"8";"15.png";"1220";"1325";"2952";"4948";"3239";"592";"562";"1923";"14";"231";"1622";"4793";"81";"399";"12";"66";"2";"53214";"14";"53214";"53214";"20";"3603";"2064";"53214";"53214";"59";"8";"1";"62"
"9";"16.png";"1176";"1101";"1644";"2217";"2371";"1437";"1994";"5062";"1059";"382";"1588";"593";"652";"1521";"140";"1424";"87";"79";"291";"118";"129";"228";"3297";"1045";"53214";"11";"284";"834";"35";"17"
"10";"17.png";"1921";"1654";"2710";"2497";"1437";"1583";"1402";"3751";"1484";"376";"2093";"688";"186";"894";"88";"1429";"7";"53";"46";"179";"11";"87";"2767";"1653";"53214";"0";"260";"135";"16";"27"
"11";"18.png";"1126";"925";"433";"1334";"590";"1450";"2099";"2860";"75";"2240";"564";"307";"588";"2354";"13";"480";"0";"53214";"45";"278";"70";"157";"3523";"3517";"53214";"53214";"126";"202";"98";"0"
"12";"19.png";"989";"1112";"11104";"1116";"3165";"4467";"2364";"1389";"387";"755";"122";"83";"1685";"441";"209";"77";"508";"28";"701";"50";"15";"153";"37";"416";"11";"451";"777";"9";"531";"180"
"13";"2.png";"969";"612";"3276";"731";"1874";"2472";"2180";"1083";"180";"5215";"37";"57";"3014";"307";"3408";"214";"1328";"576";"954";"2348";"18";"675";"25";"222";"247";"396";"58";"25";"919";"79"
"14";"20.png";"1037";"3366";"3718";"197";"822";"6273";"2635";"2784";"231";"1425";"1";"16";"1894";"215";"1963";"182";"1124";"961";"677";"593";"144";"824";"11";"98";"29";"286";"200";"0";"1402";"47"
"15";"21.png";"1086";"3327";"5215";"712";"1620";"5785";"1558";"2174";"405";"1511";"73";"147";"1669";"306";"1419";"328";"737";"420";"774";"522";"282";"389";"87";"214";"62";"285";"120";"30";"2272";"111"
"16";"22.png";"1024";"1544";"14872";"489";"2184";"4761";"907";"1756";"269";"620";"46";"68";"601";"121";"1029";"40";"480";"273";"474";"244";"9";"232";"22";"94";"123";"421";"139";"12";"713";"64"
"17";"23.png";"1053";"194";"636";"1202";"1399";"487";"1308";"427";"50";"2055";"51";"28";"2618";"1138";"3258";"956";"3544";"6004";"688";"2376";"39";"594";"111";"599";"1640";"310";"353";"52";"64";"4"
"18";"24.png";"1998";"1816";"2553";"1664";"1691";"2452";"1819";"2379";"220";"1832";"230";"292";"1701";"619";"1520";"706";"2084";"2753";"713";"764";"202";"343";"142";"712";"175";"308";"295";"635";"561";"3"
"19";"25.png";"1447";"923";"724";"2686";"1569";"1951";"2715";"2797";"838";"706";"1122";"660";"1067";"1115";"527";"2674";"964";"1003";"426";"50";"154";"392";"1763";"1639";"69";"36";"616";"855";"128";"14"
"20";"26.png";"2169";"2502";"2990";"233";"1150";"2296";"1140";"2000";"385";"1497";"42";"48";"1614";"440";"1434";"274";"1412";"3238";"749";"1363";"291";"850";"63";"294";"794";"376";"840";"626";"1103";"102"
"21";"27.png";"1091";"1729";"1487";"794";"1224";"4314";"2220";"5081";"506";"1909";"53";"55";"2167";"620";"2145";"122";"2115";"829";"348";"523";"121";"279";"19";"281";"235";"164";"140";"61";"1179";"17"
"22";"28.png";"1359";"1044";"1233";"3300";"2690";"2687";"2341";"3863";"666";"1440";"360";"331";"1423";"1299";"707";"511";"1703";"1668";"195";"548";"81";"257";"260";"1559";"12";"34";"308";"769";"52";"8"
"23";"29.png";"1346";"2607";"2386";"1515";"1718";"4047";"1150";"2959";"461";"1591";"119";"244";"1851";"451";"1090";"218";"2499";"1070";"500";"810";"64";"217";"157";"553";"81";"87";"104";"435";"272";"2"
"24";"3.png";"899";"1601";"5700";"424";"1805";"4486";"2424";"1898";"373";"3698";"23";"50";"2767";"248";"1327";"122";"601";"518";"802";"828";"135";"698";"12";"145";"221";"372";"55";"30";"479";"23"
"25";"30.png";"1118";"1320";"1888";"987";"1437";"2907";"1218";"2949";"841";"1490";"502";"214";"538";"1384";"410";"2796";"231";"513";"84";"115";"37";"110";"1994";"1228";"9";"53214";"201";"701";"46";"69"
"26";"31.png";"2172";"956";"556";"1843";"1306";"1155";"2637";"2935";"121";"1538";"385";"673";"1829";"1247";"569";"2147";"331";"2212";"268";"1135";"90";"165";"1881";"1452";"77";"10";"454";"642";"210";"53214"
"27";"32.png";"1281";"791";"598";"933";"431";"1116";"4186";"2624";"250";"1720";"395";"291";"2015";"1252";"739";"3080";"493";"2450";"238";"1068";"15";"84";"1102";"1565";"182";"21";"154";"457";"271";"1"
"28";"33.png";"1219";"889";"1538";"2696";"1607";"2050";"1824";"3563";"356";"894";"1074";"1295";"624";"1167";"495";"2133";"298";"293";"131";"166";"9";"69";"2078";"1283";"31";"15";"323";"497";"88";"11"
"29";"34.png";"1045";"826";"820";"2081";"1184";"2072";"1332";"4661";"449";"1367";"546";"520";"1314";"1422";"206";"1021";"679";"1174";"701";"163";"68";"370";"596";"1691";"6";"43";"654";"62";"34";"53214"
"30";"35.png";"1281";"1349";"1105";"721";"805";"2004";"1583";"3125";"392";"1767";"226";"144";"1303";"725";"1019";"1478";"949";"2983";"363";"1931";"197";"671";"650";"571";"216";"396";"291";"1085";"1016";"107"
"31";"36.png";"1277";"4473";"2872";"1196";"1267";"2883";"877";"2408";"671";"1432";"290";"214";"1223";"860";"702";"931";"373";"1004";"430";"560";"302";"266";"435";"667";"209";"24";"275";"238";"831";"10"
"32";"4.png";"953";"808";"9758";"722";"1696";"4116";"2036";"1242";"463";"2613";"52";"100";"2785";"590";"1705";"212";"1012";"679";"319";"834";"53214";"75";"81";"251";"369";"17";"67";"43";"21";"52"
"33";"5.png";"1051";"790";"2048";"2034";"2320";"1822";"3244";"1016";"149";"3014";"257";"508";"2014";"1854";"883";"1756";"1003";"2348";"334";"928";"53";"361";"586";"1184";"39";"69";"629";"462";"27";"9"
"34";"6.png";"2270";"1815";"979";"793";"1495";"798";"2167";"1895";"51";"1384";"107";"347";"4781";"1630";"2450";"625";"2165";"2226";"1163";"929";"345";"473";"173";"947";"126";"517";"428";"87";"1284";"5"
"35";"7.png";"1449";"500";"713";"4275";"2162";"1336";"4201";"2416";"1161";"804";"891";"282";"1039";"3025";"206";"1390";"195";"1";"329";"218";"63";"495";"777";"1831";"53214";"11";"879";"508";"13";"53214"
"36";"8.png";"1328";"1549";"1264";"1451";"1852";"2248";"2244";"3945";"625";"1879";"281";"246";"1725";"942";"784";"978";"1787";"2714";"713";"1046";"402";"341";"260";"832";"64";"263";"930";"280";"221";"253"
"37";"9.png";"1159";"1009";"422";"753";"579";"1415";"2722";"4004";"107";"1661";"90";"42";"2963";"1337";"1609";"761";"2413";"3132";"463";"684";"62";"230";"68";"823";"23";"55";"324";"299";"893";"53214"
